,년도,이름,팀,WAR,출장,완투,완봉,선발,승,패,세이브,홀드,이닝,실점,자책,타자,안타,2타,3타,홈런,볼넷,고4,사구,삼진,보크,폭투,연봉
0,1983,장명부,삼성 라이온즈,13.63,60,36,5,44,30,16,6,0,427.1,138,111,1712,388,,,19,106,6,16,220,1,6,0
1,1983,이상윤,기아 타이거즈,6.79,46,14,3,22,20,10,6,0,229.1,83,68,944,181,,,10,95,0,4,178,0,3,0
2,1983,김시진,삼성 라이온즈,6.78,37,17,5,25,17,12,1,0,229.1,78,65,950,189,,,8,95,6,14,154,0,5,0
3,1983,이길환,LG 트윈스,5.49,33,10,4,20,15,7,4,0,208.1,68,58,845,184,,,8,56,3,11,84,2,1,0
4,1983,임호균,삼성 라이온즈,5.23,35,15,1,29,12,15,2,0,234.2,94,79,954,231,,,16,52,1,6,86,1,1,0
5,1983,하기룡,LG 트윈스,5.15,36,6,2,16,10,11,4,0,173.2,57,45,696,137,,,4,48,7,8,73,2,4,0
6,1983,최동원,롯데 자이언츠,5.0,38,16,1,21,9,16,4,0,208.2,89,67,863,202,,,17,51,2,8,148,0,3,0
7,1983,김용남,기아 타이거즈,4.82,35,6,3,22,13,10,1,0,181.1,67,57,731,171,,,12,30,3,5,80,0,1,0
8,1983,박상열,두산 베어스,4.19,30,7,1,20,10,9,0,0,173.1,57,48,716,162,,,11,44,1,14,68,2,0,0
9,1983,오영일,LG 트윈스,3.81,36,7,0,13,10,9,4,0,173.0,62,56,704,147,,,8,59,0,8,69,1,6,0
10,1983,유종겸,LG 트윈스,3.42,34,4,0,14,8,7,5,0,139.0,45,37,560,103,,,8,50,0,5,74,0,4,0
11,1983,배경환,롯데 자이언츠,2.81,37,4,2,20,7,4,0,0,150.0,72,53,637,159,,,9,32,0,5,62,2,2,0
12,1983,권영호,삼성 라이온즈,2.69,32,5,0,15,6,10,7,0,135.0,58,48,556,113,,,7,48,2,6,49,1,2,0
13,1983,양일환,삼성 라이온즈,2.64,32,4,0,21,9,7,1,0,176.1,82,63,738,155,,,12,63,2,11,63,1,1,0
14,1983,계형철,두산 베어스,2.53,29,9,3,27,9,12,0,0,193.1,97,74,816,190,,,11,72,2,13,86,3,9,0
15,1983,김문희,롯데 자이언츠,2.28,34,5,0,20,8,10,0,0,155.1,70,60,649,154,,,12,53,2,3,46,2,2,0
16,1983,강만식,기아 타이거즈,2.09,22,1,1,14,6,4,0,0,94.0,42,29,387,83,,,5,22,2,5,51,1,0,0
17,1983,황태환,두산 베어스,2.02,39,0,0,2,6,6,14,0,105.1,46,31,449,105,,,11,40,2,5,60,0,0,0
18,1983,황규봉,삼성 라이온즈,1.84,30,5,1,14,6,4,3,0,130.0,66,53,548,136,,,10,36,4,10,45,0,4,0
19,1983,황기선,기아 타이거즈,1.74,19,0,0,3,4,4,1,0,66.1,27,17,265,50,,,3,14,1,7,34,1,2,0
20,1983,이광권,LG 트윈스,1.74,22,3,0,20,7,5,0,0,100.1,37,28,411,96,,,7,31,1,4,35,1,1,0
21,1983,주동식,기아 타이거즈,1.7,30,3,2,21,7,7,3,0,134.1,60,50,599,133,,,14,38,0,9,56,0,1,0
22,1983,노상수,롯데 자이언츠,1.54,42,4,1,22,8,11,3,0,169.2,94,78,733,179,,,17,52,6,12,69,2,1,0
23,1983,천창호,롯데 자이언츠,1.29,27,0,0,1,7,3,0,0,81.2,39,31,349,91,,,12,12,1,6,38,0,0,0
24,1983,김재현,삼성 라이온즈,0.93,12,0,0,3,2,1,0,0,49.0,24,18,201,47,,,1,14,1,2,11,0,0,0
25,1983,선우대영,두산 베어스,0.89,17,5,1,12,4,6,1,0,96.2,45,42,408,97,,,13,28,0,6,38,1,1,0
26,1983,이선희,삼성 라이온즈,0.71,29,3,1,19,5,13,0,0,127.0,66,53,548,122,,,17,59,1,7,56,0,3,0
27,1983,정선두,두산 베어스,0.7,15,1,1,4,3,1,0,0,52.0,19,15,215,47,,,6,20,0,2,9,0,1,0
28,1983,장호연,두산 베어스,0.65,34,3,1,16,6,17,2,0,155.1,93,73,681,165,,,10,67,5,14,31,1,3,0
29,1983,정성만,삼성 라이온즈,0.44,12,2,0,7,3,5,0,0,61.2,27,20,253,46,,,11,27,0,0,26,0,4,0
30,1983,박동경,삼성 라이온즈,0.41,12,0,0,1,0,1,0,0,22.1,12,10,94,24,,,0,6,0,2,4,1,0,0
31,1983,김성한,기아 타이거즈,0.4,4,1,1,3,1,1,0,0,17.1,6,4,71,13,,,1,5,0,1,8,0,0,0
32,1983,박철순,두산 베어스,0.26,4,0,0,4,0,1,0,0,10.1,4,4,43,10,,,0,4,0,0,4,0,0,0
33,1983,성낙수,삼성 라이온즈,0.18,19,0,0,3,3,2,0,0,55.0,33,30,234,63,,,10,13,0,5,21,0,0,0
34,1983,인호봉,삼성 라이온즈,0.14,10,0,0,3,1,2,0,0,38.0,22,18,159,36,,,6,16,0,2,14,0,1,0
35,1983,이진우,롯데 자이언츠,0.13,27,0,0,12,4,9,0,0,85.2,51,47,371,83,,,10,41,1,6,33,0,4,0
36,1983,방수원,기아 타이거즈,0.13,32,1,0,12,3,5,3,0,94.0,62,52,434,101,,,5,49,0,9,31,0,3,0
37,1983,박석채,LG 트윈스,0.08,5,0,0,2,0,0,0,0,11.0,4,3,51,12,,,1,8,0,0,4,1,1,0
38,1983,이원국,LG 트윈스,0.06,8,1,0,7,1,1,0,0,38.2,25,19,171,46,,,1,14,0,2,6,1,0,0
39,1983,정순명,LG 트윈스,0.01,13,0,0,7,4,3,0,0,59.2,30,24,259,56,,,7,28,0,5,19,1,1,0
40,1983,감사용,삼성 라이온즈,0.0,6,0,0,0,0,0,0,0,12.0,6,6,1,46,,,12,1,4,0,0,1,0,0
41,1983,김현재,기아 타이거즈,-0.01,10,1,0,1,1,0,0,0,24.1,15,11,122,32,,,2,16,0,2,6,0,1,0
42,1983,오문현,삼성 라이온즈,-0.03,13,0,0,4,1,3,0,0,37.2,24,22,154,35,,,6,14,0,6,12,1,0,0
43,1983,김현홍,두산 베어스,-0.05,13,1,1,4,2,1,1,0,43.1,27,20,186,49,,,7,17,0,1,12,0,1,0
44,1983,신계석,LG 트윈스,-0.09,1,0,0,1,0,0,0,0,2.0,3,2,13,5,,,0,1,0,0,0,0,0,0
45,1983,차준섭,LG 트윈스,-0.11,2,0,0,0,0,0,0,0,3.1,4,3,15,1,,,1,3,0,1,2,0,0,0
46,1983,신태중,기아 타이거즈,-0.14,1,0,0,1,0,1,0,0,0.2,3,3,7,5,,,0,1,0,0,0,0,0,0
47,1983,송진호,삼성 라이온즈,-0.17,10,0,0,2,0,1,0,0,24.1,23,20,117,31,,,1,15,0,3,7,0,2,0
48,1983,박정후,롯데 자이언츠,-0.23,3,0,0,0,0,0,0,0,5.1,10,9,29,5,,,0,6,0,3,1,0,5,0
49,1983,유종천,삼성 라이온즈,-0.24,5,1,0,5,1,2,0,0,17.0,16,15,89,24,,,0,14,0,2,7,0,0,0
50,1983,김덕열,롯데 자이언츠,-0.26,9,0,0,1,0,1,0,0,21.2,17,15,102,27,,,6,9,0,4,9,0,0,0
51,1983,김상기,삼성 라이온즈,-0.27,7,2,0,5,2,3,0,0,31.1,21,20,140,29,,,6,16,0,2,10,2,0,0
52,1983,강철원,두산 베어스,-0.6,17,1,0,11,4,2,0,0,62.2,44,44,275,72,,,12,23,0,7,21,1,2,0
53,1983,이윤섭,롯데 자이언츠,-0.62,12,0,0,3,0,2,0,0,19.2,22,18,94,35,,,7,4,0,0,8,0,0,0
54,1983,엄평재,기아 타이거즈,-0.9,13,0,0,1,0,2,0,0,11.0,25,20,147,34,,,4,16,0,3,12,0,2,0
55,1984,최동원,롯데 자이언츠,9.72,51,14,1,20,27,13,6,0,284.2,91,76,1132,229,,,18,68,1,14,223,0,3,0
56,1984,김일융,삼성 라이온즈,7.44,38,14,3,23,16,10,3,0,222.0,68,56,907,191,,,7,78,4,6,155,1,5,0
57,1984,장명부,삼성 라이온즈,5.79,45,15,2,25,13,20,7,0,261.2,111,96,1074,261,,,20,66,7,6,145,0,3,0
58,1984,계형철,두산 베어스,5.46,29,6,1,28,14,4,0,0,174.2,44,40,701,135,,,8,63,1,7,92,0,4,0
59,1984,이상윤,기아 타이거즈,5.43,40,8,1,18,10,13,8,0,211.2,75,67,876,186,,,14,73,8,10,128,0,2,0
60,1984,윤석환,두산 베어스,4.29,57,0,0,4,12,8,25,0,146.0,49,46,581,108,,,17,43,4,3,111,1,3,0
61,1984,최일언,두산 베어스,4.25,37,2,0,18,9,6,3,0,167.2,60,53,695,145,,,6,65,3,8,86,0,8,0
62,1984,오영일,LG 트윈스,3.77,40,14,2,23,15,14,3,0,239.2,92,82,1004,239,,,16,79,2,13,92,0,3,0
63,1984,김시진,삼성 라이온즈,3.65,39,11,2,26,19,11,2,0,215.0,94,76,910,178,,,14,112,2,13,154,0,8,0
64,1984,김봉근,LG 트윈스,3.58,32,7,1,20,9,7,2,0,171.1,62,48,681,146,,,9,37,3,6,60,1,1,0
65,1984,하기룡,LG 트윈스,3.38,30,11,3,19,15,8,1,0,178.2,70,56,751,171,,,7,59,2,13,81,0,6,0
66,1984,박상열,두산 베어스,2.92,30,1,0,22,12,7,0,0,133.0,42,38,532,108,,,8,49,0,10,47,0,1,0
67,1984,유종겸,LG 트윈스,2.9,38,6,0,16,8,10,4,0,183.2,79,72,770,181,,,13,52,1,5,86,1,4,0
68,1984,김용남,기아 타이거즈,2.9,31,6,2,21,7,11,1,0,132.2,58,45,547,133,,,10,19,0,1,68,0,1,0
69,1984,황규봉,삼성 라이온즈,2.83,30,2,1,8,10,2,4,0,108.0,42,39,452,109,,,4,24,1,8,48,0,2,0
70,1984,장호연,두산 베어스,2.81,31,0,0,4,5,3,1,0,102.1,34,18,407,77,,,3,35,0,4,47,0,3,0
71,1984,권영호,삼성 라이온즈,2.61,29,2,0,18,6,8,2,0,137.1,53,50,574,124,,,8,57,3,4,52,1,0,0
72,1984,최계훈,삼성 라이온즈,2.55,34,4,0,12,8,8,9,0,137.1,67,54,589,132,,,9,55,2,6,99,2,1,0
73,1984,주동식,기아 타이거즈,2.48,18,4,2,10,6,5,0,0,83.1,23,21,333,74,,,4,21,4,3,27,0,0,0
74,1984,임호균,롯데 자이언츠,2.23,27,9,0,24,10,9,0,0,161.2,64,53,692,151,,,9,80,2,3,44,0,2,0
75,1984,박정후,삼성 라이온즈,1.96,31,2,0,22,5,11,0,0,139.0,58,54,586,129,,,9,70,1,11,60,3,6,0
76,1984,배경환,롯데 자이언츠,1.95,35,2,0,15,6,5,2,0,121.2,57,47,516,134,,,10,28,0,5,59,0,2,0
77,1984,조도연,기아 타이거즈,1.88,35,3,0,12,4,6,2,0,129.1,61,48,547,122,,,11,44,1,3,63,0,9,0
78,1984,강만식,기아 타이거즈,1.77,28,3,0,19,11,4,0,0,129.2,58,47,540,124,,,14,36,2,7,60,0,1,0
79,1984,김진욱,두산 베어스,1.68,25,5,1,19,6,11,2,0,118.0,53,40,508,107,,,5,58,4,10,43,1,3,0
80,1984,안창완,롯데 자이언츠,1.61,27,0,0,7,3,3,0,0,70.0,20,13,297,72,,,6,28,0,3,39,1,2,0
81,1984,황기선,기아 타이거즈,1.17,38,2,0,6,4,7,1,0,124.1,70,52,536,110,,,10,55,5,9,65,0,5,0
82,1984,황태환,두산 베어스,0.92,17,0,0,3,0,2,0,0,40.0,12,11,159,36,,,3,15,0,2,19,0,0,0
83,1984,방수원,기아 타이거즈,0.75,25,1,1,14,1,8,0,0,66.0,39,28,280,64,,,2,20,0,6,30,0,0,0
84,1984,이광권,LG 트윈스,0.73,13,1,0,7,1,3,0,0,50.1,19,15,212,53,,,2,22,0,2,14,0,0,0
85,1984,김재현,삼성 라이온즈,0.53,24,0,0,11,3,4,0,0,89.2,53,43,385,96,,,10,31,0,6,43,0,0,0
86,1984,전용권,삼성 라이온즈,0.42,13,0,0,1,0,2,1,0,26.1,13,13,112,26,,,0,11,0,2,6,1,1,0
87,1984,김상기,삼성 라이온즈,0.39,11,0,0,1,0,0,0,0,22.1,9,7,94,24,,,1,7,0,3,5,0,0,0
88,1984,문희수,기아 타이거즈,0.33,5,0,0,0,0,0,0,0,12.2,6,6,55,12,,,0,5,0,1,14,0,1,0
89,1984,양일환,삼성 라이온즈,0.28,20,1,0,10,2,5,1,0,64.0,34,33,272,57,,,7,33,6,4,20,0,1,0
90,1984,김재열,롯데 자이언츠,0.25,15,0,0,2,1,1,1,0,36.0,18,16,158,36,,,4,17,1,2,14,0,1,0
91,1984,성낙수,삼성 라이온즈,0.21,6,0,0,1,0,2,0,0,15.1,10,7,71,21,,,0,5,2,1,4,1,1,0
92,1984,천창호,롯데 자이언츠,0.2,18,0,0,6,1,2,1,0,47.0,31,27,218,58,,,3,17,2,6,22,0,0,0
93,1984,정성만,삼성 라이온즈,0.12,29,3,0,19,8,10,1,0,150.0,86,81,666,148,,,20,83,3,6,67,1,3,0
94,1984,이선희,삼성 라이온즈,0.12,17,0,0,8,2,4,0,0,51.2,31,26,225,58,,,6,23,0,3,23,0,2,0
95,1984,진동한,삼성 라이온즈,0.1,2,0,0,2,0,0,0,0,5.0,1,1,21,1,,,0,5,1,0,0,0,0,0
96,1984,감사용,삼성 라이온즈,0.08,1,0,0,0,0,0,0,0,2.1,0,0,9,2,,,0,1,0,0,0,0,0,0
97,1984,오문현,삼성 라이온즈,0.08,11,0,0,1,0,0,0,0,29.0,18,18,123,30,,,4,11,0,2,7,0,0,0
98,1984,이윤섭,롯데 자이언츠,0.04,6,0,0,0,0,0,0,0,10.0,6,6,45,12,,,1,5,0,0,1,0,0,0
99,1984,조용철,롯데 자이언츠,0.03,2,0,0,0,0,0,0,0,2.0,1,0,11,3,,,0,2,0,0,2,1,0,0
100,1984,송진호,삼성 라이온즈,0.02,12,0,0,2,0,1,0,0,33.0,24,20,153,29,,,1,27,2,2,14,0,2,0
101,1984,박영진,삼성 라이온즈,-0.03,1,0,0,0,0,0,0,0,1.0,2,2,6,3,,,0,1,1,0,0,0,0,0
102,1984,권기홍,삼성 라이온즈,-0.05,3,0,0,0,0,0,0,0,8.0,7,7,37,9,,,1,4,1,1,0,0,0,0
103,1984,김덕열,삼성 라이온즈,-0.08,2,0,0,0,0,0,0,0,2.0,4,4,11,4,,,0,1,0,1,1,0,0,0
104,1984,박덕용,롯데 자이언츠,-0.12,6,0,0,4,1,2,0,0,19.0,11,11,82,20,,,4,7,0,0,4,0,0,0
105,1984,이문한,롯데 자이언츠,-0.13,16,0,0,6,1,4,0,0,50.0,32,31,214,52,,,8,17,1,2,17,0,1,0
106,1984,인호봉,삼성 라이온즈,-0.15,8,0,0,1,0,0,0,0,17.2,12,11,81,14,,,2,13,0,5,4,0,0,0
107,1984,강철원,두산 베어스,-0.17,3,0,0,2,0,0,0,0,3.2,4,3,18,4,,,1,3,0,0,0,0,0,0
108,1984,김현재,기아 타이거즈,-0.19,4,0,0,0,0,0,0,0,6.2,8,2,35,8,,,2,6,0,0,4,0,0,0
109,1984,김문희,롯데 자이언츠,-0.33,19,1,0,11,0,6,0,0,56.1,38,32,254,73,,,7,22,1,5,12,0,0,0
110,1984,이진우,롯데 자이언츠,-0.44,10,0,0,5,0,3,1,0,22.1,21,12,104,25,,,5,9,0,0,17,0,1,0
111,1984,이길환,LG 트윈스,-0.45,12,0,0,8,3,3,0,0,50.0,34,27,217,62,,,9,9,0,3,15,0,1,0
112,1984,정순명,LG 트윈스,-0.52,8,0,0,7,0,3,0,0,22.2,18,18,106,24,,,3,17,0,1,7,0,0,0
113,1984,신태중,삼성 라이온즈,-0.85,14,0,0,8,1,6,1,0,48.1,43,37,227,55,,,8,34,1,4,30,0,1,0
114,1985,김시진,삼성 라이온즈,10.52,47,10,2,29,25,5,10,0,269.2,63,60,1064,172,,,8,121,3,15,201,1,10,0
115,1985,최동원,롯데 자이언츠,9.88,42,14,4,17,20,9,8,0,225.0,60,48,865,170,,,7,41,2,8,161,1,3,0
116,1985,선동열,기아 타이거즈,6.4,25,1,0,3,7,4,8,0,111.0,30,21,424,74,,,2,20,4,3,103,0,3,0
117,1985,김일융,삼성 라이온즈,5.43,34,11,3,28,25,6,0,0,226.0,87,70,920,200,,,13,77,6,5,107,0,4,0
118,1985,계형철,두산 베어스,4.09,34,8,0,26,11,11,2,0,194.0,71,60,789,165,,,17,63,0,7,84,0,6,0
119,1985,정삼흠,LG 트윈스,3.96,41,7,3,16,9,12,5,0,192.2,72,67,801,169,,,13,72,2,12,99,0,5,0
120,1985,최일언,두산 베어스,3.8,38,2,0,9,10,14,3,0,144.2,57,39,610,119,,,4,75,3,5,88,0,2,0
121,1985,권영호,삼성 라이온즈,3.72,54,0,0,13,6,6,26,0,174.2,75,68,746,170,,,14,68,4,3,81,1,4,0
122,1985,황규봉,삼성 라이온즈,3.61,34,4,0,24,14,7,4,0,165.2,66,56,679,158,,,12,38,2,4,55,2,1,0
123,1985,박동수,롯데 자이언츠,3.45,32,7,2,22,9,10,0,0,168.0,69,51,695,158,,,11,36,1,17,84,1,2,0
124,1985,이선희,LG 트윈스,3.31,28,4,1,18,5,7,2,0,138.0,44,35,569,111,,,5,55,3,4,49,0,2,0
125,1985,강만식,기아 타이거즈,3.02,41,5,2,37,13,8,0,0,198.2,78,73,803,178,,,22,44,0,19,63,0,1,0
126,1985,김진욱,두산 베어스,2.96,30,4,2,22,10,8,0,0,143.0,56,48,605,134,,,7,55,0,10,57,1,4,0
127,1985,배경환,롯데 자이언츠,2.37,22,2,1,15,6,6,0,0,98.2,36,31,406,93,,,6,21,2,4,38,0,3,0
128,1985,김정행,롯데 자이언츠,2.24,19,5,2,16,7,5,0,0,115.1,42,35,482,103,,,6,54,0,4,55,0,2,0
129,1985,문희수,기아 타이거즈,2.23,39,2,0,24,12,8,1,0,144.2,69,56,631,159,,,11,48,1,5,64,2,1,0
130,1985,유종겸,LG 트윈스,2.19,33,3,0,13,10,8,1,0,135.1,52,45,547,111,,,10,52,1,5,40,0,8,0
131,1985,김용남,기아 타이거즈,2.15,43,1,0,10,11,6,8,0,134.2,74,67,560,147,,,14,26,2,3,74,0,1,0
132,1985,황태환,두산 베어스,2.1,35,1,1,6,4,8,1,0,97.0,42,38,402,79,,,6,40,2,2,50,0,2,0
133,1985,조도연,기아 타이거즈,2.1,36,1,0,15,4,6,2,0,123.2,56,51,522,131,,,10,35,1,5,46,0,4,0
134,1985,윤석환,두산 베어스,2.01,41,1,0,4,5,1,6,0,110.1,48,41,453,114,,,13,30,0,5,44,1,2,0
135,1985,오영일,LG 트윈스,2.01,28,3,0,13,8,8,1,0,127.1,56,50,555,132,,,6,47,1,7,42,0,1,0
136,1985,하기룡,LG 트윈스,1.83,26,4,0,12,5,10,2,0,111.0,46,36,468,103,,,3,53,2,4,31,0,3,0
137,1985,정은배,삼성 라이온즈,1.76,29,5,1,17,7,9,2,0,141.0,66,57,607,142,,,14,60,3,8,46,2,4,0
138,1985,임호균,롯데 자이언츠,1.73,27,3,1,25,10,10,0,0,145.0,63,52,617,136,,,8,77,0,0,43,0,3,0
139,1985,장호연,두산 베어스,1.67,29,5,0,15,7,4,1,0,128.2,61,50,531,110,,,9,63,0,4,46,0,1,0
140,1985,진동한,삼성 라이온즈,1.63,24,1,0,9,4,2,0,0,81.2,36,27,339,74,,,3,28,1,3,24,0,2,0
141,1985,최계훈,삼성 라이온즈,1.62,20,9,1,14,6,6,0,0,118.1,51,47,505,106,,,13,55,0,6,54,1,1,0
142,1985,양상문,롯데 자이언츠,1.58,33,1,1,6,6,3,4,0,101.0,57,43,446,120,,,7,25,0,5,58,0,2,0
143,1985,박철순,두산 베어스,1.46,9,2,0,5,1,4,0,0,50.1,19,15,193,36,,,2,14,0,2,34,0,1,0
144,1985,박상열,두산 베어스,1.3,22,2,0,19,3,6,0,0,109.0,55,50,462,109,,,6,41,0,5,25,1,1,0
145,1985,김봉근,LG 트윈스,1.24,21,4,0,12,2,7,0,0,113.1,47,42,461,110,,,16,27,1,5,37,1,0,0
146,1985,김정수,LG 트윈스,1.18,15,2,0,9,2,3,0,0,60.0,22,18,258,50,,,0,38,1,2,25,1,4,0
147,1985,정성만,삼성 라이온즈,1.02,37,11,1,23,7,14,3,0,172.2,103,96,767,207,,,19,64,0,7,55,2,4,0
148,1985,장명부,삼성 라이온즈,0.91,45,10,0,35,11,25,5,0,246.0,175,145,1117,304,,,22,100,7,12,128,0,5,0
149,1985,김성한,기아 타이거즈,0.9,10,1,0,2,4,3,1,0,40.1,18,15,170,35,,,1,18,4,1,12,0,1,0
150,1985,신태순,기아 타이거즈,0.81,21,0,0,3,0,6,0,0,71.2,39,29,316,77,,,6,29,1,5,25,0,2,0
151,1985,김재현,삼성 라이온즈,0.74,12,1,0,5,1,4,0,0,46.1,23,20,209,57,,,4,12,3,3,14,0,1,0
152,1985,김용수,LG 트윈스,0.56,6,0,0,0,1,2,2,0,21.2,9,9,93,22,,,2,7,1,0,14,0,1,0
153,1985,방수원,기아 타이거즈,0.38,10,0,0,2,1,1,0,0,23.1,9,9,96,16,,,2,13,1,1,9,0,0,0
154,1985,이충우,롯데 자이언츠,0.31,12,0,0,0,0,0,0,0,29.1,21,17,133,39,,,2,8,0,1,13,0,1,0
155,1985,이길환,LG 트윈스,0.3,8,1,0,7,1,2,0,0,35.1,16,13,148,28,,,2,15,0,3,6,0,2,0
156,1985,이진우,롯데 자이언츠,0.26,34,0,0,6,0,6,3,0,69.0,40,33,304,70,,,8,48,0,3,44,1,5,0
157,1985,신태중,삼성 라이온즈,0.22,34,1,0,3,3,4,4,0,103.2,72,55,459,119,,,17,42,0,7,48,1,11,0
158,1985,정선두,두산 베어스,0.22,7,0,0,2,0,1,0,0,9.2,5,5,39,9,,,0,2,0,0,3,0,1,0
159,1985,감사용,삼성 라이온즈,0.2,12,0,0,0,0,1,0,0,30.1,23,22,141,41,,,5,8,0,3,17,0,0,0
160,1985,천창호,롯데 자이언츠,0.19,7,0,0,1,1,1,0,0,23.0,13,12,98,21,,,3,7,1,2,10,0,0,0
161,1985,송진호,삼성 라이온즈,0.18,7,0,0,1,0,1,0,0,12.2,8,8,59,20,,,0,5,0,1,5,0,0,0
162,1985,강철원,두산 베어스,0.16,3,0,0,2,0,0,0,0,5.1,2,2,24,7,,,0,1,0,0,2,0,0,0
163,1985,권기홍,삼성 라이온즈,0.11,3,0,0,0,0,0,0,0,3.0,1,1,14,4,,,0,1,0,0,3,0,0,0
164,1985,황기선,기아 타이거즈,0.07,17,0,0,2,0,1,0,0,34.2,27,25,159,40,,,3,19,3,2,15,0,1,0
165,1985,양일환,삼성 라이온즈,0.06,19,1,0,6,3,5,1,0,61.2,37,35,269,62,,,10,28,2,3,17,1,1,0
166,1985,성낙수,삼성 라이온즈,0.05,3,0,0,0,0,0,0,0,4.1,2,2,19,6,,,1,1,0,0,2,0,0,0
167,1985,김재박,LG 트윈스,0.05,1,0,0,0,1,0,0,0,0.2,0,0,1,0,,,0,0,0,0,0,0,0,0
168,1985,한오종,두산 베어스,-0.01,1,0,0,0,0,0,0,0,0.1,0,0,4,0,,,0,2,0,0,0,0,0,0
169,1985,인호봉,삼성 라이온즈,-0.04,4,0,0,0,0,0,0,0,5.1,6,4,27,10,,,1,1,0,0,1,0,0,0
170,1985,조용철,롯데 자이언츠,-0.05,5,0,0,0,0,0,0,0,7.1,9,8,36,14,,,0,3,0,0,2,0,0,0
171,1985,안창완,롯데 자이언츠,-0.06,2,0,0,2,0,1,0,0,8.2,7,3,39,9,,,1,3,0,0,4,0,0,0
172,1985,이광권,LG 트윈스,-0.06,4,0,0,1,0,0,0,0,9.1,5,5,41,10,,,2,3,0,0,1,0,0,0
173,1985,김문희,롯데 자이언츠,-0.08,1,0,0,0,0,0,0,0,2.0,3,3,10,3,,,1,1,0,0,1,0,0,0
174,1985,김기철,기아 타이거즈,-0.09,5,0,0,0,0,0,0,0,7.1,7,6,37,12,,,2,5,0,0,5,0,1,0
175,1985,김준희,삼성 라이온즈,-0.1,1,0,0,0,0,0,0,0,2.0,4,4,12,5,,,1,1,0,0,1,0,0,0
176,1985,정순명,LG 트윈스,-0.14,7,0,0,6,0,4,0,0,18.0,15,12,86,26,,,1,7,0,0,5,1,0,0
177,1985,차준섭,LG 트윈스,-0.26,3,0,0,1,0,0,0,0,4.1,7,7,22,11,,,2,0,0,0,0,0,0,0
178,1985,안언학,LG 트윈스,-0.3,10,0,0,2,0,2,0,0,15.0,17,15,74,19,,,1,9,0,2,4,2,0,0
179,1985,이상윤,기아 타이거즈,-0.32,2,0,0,2,0,2,0,0,5.0,6,6,25,9,,,3,3,1,0,2,0,0,0
180,1985,박정후,삼성 라이온즈,-0.55,16,0,0,7,0,3,1,0,38.2,34,30,186,43,,,4,34,0,3,14,0,5,0
181,1985,오문현,삼성 라이온즈,-0.64,23,0,0,6,4,4,0,0,75.1,54,53,341,101,,,19,23,0,11,16,0,2,0
182,1985,최상주,기아 타이거즈,-1.91,32,0,0,10,5,7,0,0,31.0,52,42,403,101,,,7,36,1,7,32,0,1,0
183,1986,선동열,기아 타이거즈,14.89,39,19,8,22,24,6,6,0,262.2,38,29,972,153,,,2,52,5,7,214,2,3,0
184,1986,최동원,롯데 자이언츠,11.74,39,17,4,21,19,14,2,0,267.0,60,46,1039,204,,,7,55,5,6,208,0,2,0
185,1986,김용수,LG 트윈스,6.92,60,0,0,3,9,9,26,0,178.0,40,33,694,128,,,4,59,7,3,74,0,0,0
186,1986,최일언,두산 베어스,6.75,33,12,6,23,19,4,2,0,221.2,49,39,881,140,,,2,101,3,6,101,0,3,0
187,1986,김건우,LG 트윈스,6.46,37,9,2,29,18,6,0,0,229.1,62,46,891,170,,,6,62,1,9,102,3,4,0
188,1986,이상군,한화 이글스,5.28,35,19,4,30,12,17,1,0,243.1,88,71,972,216,,,17,43,3,11,104,0,0,0
189,1986,김신부,키움 히어로즈,4.21,40,10,3,28,10,10,0,0,233.0,93,83,965,220,,,12,57,5,21,89,1,1,0
190,1986,박동수,롯데 자이언츠,3.93,30,5,0,13,8,7,3,0,148.2,53,42,613,133,,,2,31,4,13,68,0,1,0
191,1986,장호연,두산 베어스,3.8,31,10,4,22,13,9,3,0,165.2,46,35,659,136,,,7,45,0,6,44,2,1,0
192,1986,김시진,삼성 라이온즈,3.51,30,11,1,26,16,6,3,0,196.2,68,54,822,161,,,6,110,4,6,87,0,3,0
193,1986,성준,삼성 라이온즈,3.46,29,6,1,19,15,5,2,0,149.0,48,39,607,135,,,9,40,3,3,60,2,2,0
194,1986,권영호,삼성 라이온즈,3.43,38,3,1,10,7,7,19,0,146.1,47,45,593,121,,,12,53,3,2,74,0,6,0
195,1986,한희민,한화 이글스,3.31,29,12,3,19,9,13,0,0,175.1,67,61,700,136,,,18,49,1,10,123,3,2,0
196,1986,김기태,키움 히어로즈,3.21,42,6,1,12,9,14,5,0,175.1,73,62,746,158,,,12,66,5,17,109,0,6,0
197,1986,박노준,두산 베어스,3.13,33,1,0,9,5,6,7,0,110.1,34,28,442,91,,,4,36,2,2,61,0,3,0
198,1986,차동철,기아 타이거즈,3.04,33,3,2,21,10,4,3,0,131.0,46,41,535,134,,,4,24,1,5,35,0,1,0
199,1986,김일융,삼성 라이온즈,2.92,19,7,2,19,13,4,0,0,138.2,47,39,573,120,,,8,45,4,2,60,0,1,0
200,1986,유종겸,LG 트윈스,2.52,41,1,1,15,10,7,0,0,145.2,61,49,599,131,,,8,49,1,5,84,0,5,0
201,1986,김태원,LG 트윈스,1.98,33,1,0,12,2,6,3,0,107.0,35,34,438,87,,,8,41,1,1,50,0,2,0
202,1986,김정수,기아 타이거즈,1.79,41,2,0,13,9,6,5,0,125.2,53,37,547,93,,,5,89,1,4,92,0,3,0
203,1986,윤학길,롯데 자이언츠,1.76,25,0,0,3,1,2,2,0,88.0,34,27,366,91,,,6,22,0,0,40,1,3,0
204,1986,김정행,롯데 자이언츠,1.73,20,6,2,18,7,7,0,0,118.0,40,38,499,94,,,5,61,0,7,51,0,2,0
205,1986,진동한,삼성 라이온즈,1.66,24,2,0,10,9,4,4,0,109.1,42,35,457,99,,,8,41,2,3,37,2,1,0
206,1986,황태환,두산 베어스,1.64,28,0,0,1,3,3,3,0,73.1,23,20,300,69,,,7,21,1,1,36,0,1,0
207,1986,손문곤,한화 이글스,1.59,28,3,1,12,2,5,0,0,117.0,51,44,495,118,,,6,47,0,3,36,0,3,0
208,1986,이상윤,기아 타이거즈,1.5,21,3,1,18,10,5,0,0,115.0,45,38,478,91,,,7,51,1,3,47,1,1,0
209,1986,문희수,기아 타이거즈,1.46,15,0,0,11,7,2,0,0,75.0,27,25,299,66,,,2,24,0,3,22,0,0,0
210,1986,방수원,기아 타이거즈,1.43,29,0,0,1,2,4,5,0,63.0,26,20,264,66,,,3,17,0,3,34,1,0,0
211,1986,최계훈,키움 히어로즈,1.39,32,6,1,18,6,14,2,0,159.1,79,65,688,164,,,12,67,3,5,62,0,3,0
212,1986,오영일,LG 트윈스,1.32,33,0,0,21,12,8,0,0,132.0,54,44,569,136,,,9,55,2,4,43,1,0,0
213,1986,조병천,키움 히어로즈,1.08,30,0,0,9,1,6,0,0,94.2,53,49,407,99,,,5,37,0,0,48,2,3,0
214,1986,양상문,롯데 자이언츠,1.07,21,0,0,4,1,2,0,0,37.1,8,8,145,27,,,2,9,0,5,21,0,2,0
215,1986,김연철,한화 이글스,1.06,18,4,0,7,4,4,0,0,88.0,40,32,350,91,,,7,19,0,2,14,0,0,0
216,1986,오명록,롯데 자이언츠,1.01,23,0,0,8,4,4,0,0,71.1,36,31,308,70,,,3,28,0,4,52,1,2,0
217,1986,김봉근,키움 히어로즈,1.0,11,1,1,9,2,4,0,0,51.0,18,16,205,42,,,2,16,0,2,15,1,0,0
218,1986,양일환,삼성 라이온즈,0.95,22,3,1,12,6,3,1,0,96.2,44,40,409,80,,,5,47,3,6,33,0,2,0
219,1986,계형철,두산 베어스,0.91,22,3,1,21,5,7,0,0,111.0,48,39,452,94,,,8,50,0,2,47,0,3,0
220,1986,하기룡,LG 트윈스,0.9,29,0,0,13,6,1,0,0,100.2,50,46,431,114,,,5,31,4,5,24,0,2,0
221,1986,박철순,두산 베어스,0.76,13,1,1,7,5,3,0,0,53.1,23,21,220,46,,,3,22,0,0,29,0,4,0
222,1986,이진우,롯데 자이언츠,0.68,16,1,0,6,1,0,0,0,40.0,14,9,177,40,,,1,21,0,0,17,0,1,0
223,1986,성낙수,한화 이글스,0.6,15,0,0,4,0,4,0,0,42.1,22,19,175,39,,,3,9,0,1,20,0,2,0
224,1986,김진욱,두산 베어스,0.59,28,1,0,7,4,6,3,0,81.2,43,37,357,81,,,4,41,1,3,41,0,2,0
225,1986,임호균,롯데 자이언츠,0.58,19,2,0,16,3,8,0,0,89.1,40,33,395,95,,,4,46,1,4,27,0,4,0
226,1986,배경환,롯데 자이언츠,0.56,18,1,0,8,3,2,4,0,58.0,22,18,244,51,,,5,24,0,3,18,0,1,0
227,1986,김대현,기아 타이거즈,0.54,18,0,0,2,0,2,0,0,53.2,28,26,231,55,,,5,17,1,2,20,2,1,0
228,1986,김재열,한화 이글스,0.51,25,1,0,8,2,8,1,0,89.2,49,34,393,91,,,5,39,0,8,24,0,4,0
229,1986,윤석환,두산 베어스,0.49,18,0,0,10,2,4,0,0,63.1,28,22,281,66,,,3,30,0,1,13,0,1,0
230,1986,김용남,기아 타이거즈,0.43,13,0,0,2,0,0,2,0,30.2,19,16,143,45,,,2,6,1,0,22,0,0,0
231,1986,전용권,삼성 라이온즈,0.38,11,1,1,1,1,0,0,0,28.2,13,12,117,24,,,2,12,1,1,7,0,2,0
232,1986,박상열,두산 베어스,0.38,17,1,0,7,0,6,1,0,64.1,31,28,278,66,,,3,28,0,6,15,0,1,0
233,1986,강만식,기아 타이거즈,0.23,19,1,0,14,4,6,2,0,72.2,39,35,331,91,,,6,25,2,5,24,0,0,0
234,1986,신태중,키움 히어로즈,0.22,10,0,0,1,0,1,0,0,24.2,15,13,144,35,,,1,10,0,1,7,0,0,0
235,1986,황규봉,삼성 라이온즈,0.16,13,1,0,8,3,5,2,0,50.0,26,22,208,48,,,4,20,0,1,10,0,2,0
236,1986,김준희,삼성 라이온즈,0.15,8,0,0,0,0,0,0,0,13.2,9,9,65,19,,,0,6,0,2,7,0,0,0
237,1986,김훈기,삼성 라이온즈,0.11,3,0,0,1,0,1,0,0,8.0,4,3,35,9,,,0,3,0,0,1,0,0,0
238,1986,황기선,두산 베어스,0.09,11,0,0,1,0,0,0,0,24.1,14,12,108,26,,,1,15,0,2,6,2,1,0
239,1986,송진호,삼성 라이온즈,0.06,6,0,0,0,0,0,2,0,13.2,5,5,54,11,,,3,3,0,1,2,0,0,0
240,1986,이길환,LG 트윈스,0.06,4,0,0,1,1,0,0,0,10.0,5,5,44,13,,,0,1,0,2,2,0,0,0
241,1986,박동경,삼성 라이온즈,0.06,1,0,0,0,0,0,0,0,2.2,1,1,12,3,,,0,2,0,0,2,0,0,0
242,1986,이선희,LG 트윈스,0.05,7,0,0,2,0,2,0,0,17.2,12,10,78,25,,,2,3,0,1,12,0,0,0
243,1986,박형열,두산 베어스,0.05,2,0,0,0,0,0,0,0,2.2,1,1,10,1,,,0,1,0,0,0,0,0,0
244,1986,강상진,기아 타이거즈,0.04,10,0,0,0,1,0,0,0,22.2,15,13,107,24,,,2,11,0,2,9,0,1,0
245,1986,기세봉,두산 베어스,0.04,1,0,0,0,0,0,0,0,1.0,0,0,3,1,,,0,0,0,0,0,0,0,0
246,1986,감사용,두산 베어스,0.02,1,0,0,0,0,0,0,0,3.0,1,1,12,3,,,1,0,0,0,1,0,0,0
247,1986,예병준,LG 트윈스,0.01,5,0,0,0,0,0,0,0,11.0,10,10,53,19,,,0,4,0,0,3,0,3,0
248,1986,이우상,키움 히어로즈,-0.0,6,0,0,0,0,0,0,0,9.1,6,6,48,11,,,1,8,0,0,3,0,0,0
249,1986,정은배,키움 히어로즈,-0.01,31,0,0,11,2,9,3,0,105.1,70,53,469,120,,,9,44,2,5,41,0,2,0
250,1986,임재준,한화 이글스,-0.07,10,0,0,1,0,0,0,0,27.1,17,16,114,24,,,6,11,0,0,15,0,1,0
251,1986,정선두,키움 히어로즈,-0.08,12,0,0,2,1,2,0,0,25.2,18,10,115,31,,,3,9,0,0,3,0,1,0
252,1986,김정수,키움 히어로즈,-0.08,6,0,0,0,0,0,0,0,7.1,7,5,35,10,,,1,5,0,0,2,0,0,0
253,1986,천성호,키움 히어로즈,-0.09,5,0,0,2,0,1,0,0,6.1,5,5,30,7,,,1,3,0,0,2,1,0,0
254,1986,김성한,기아 타이거즈,-0.09,1,0,0,1,0,1,0,0,3.0,3,3,15,2,,,0,3,0,0,0,0,0,0
255,1986,신태순,기아 타이거즈,-0.1,1,0,0,0,0,0,0,0,1.1,4,3,10,4,,,0,1,0,0,0,0,0,0
256,1986,김상기,키움 히어로즈,-0.17,5,0,0,1,0,2,0,0,6.1,7,5,29,8,,,1,5,0,0,2,0,0,0
257,1986,민문식,한화 이글스,-0.19,8,0,0,4,1,2,0,0,16.0,10,9,70,16,,,3,8,0,0,5,0,1,0
258,1986,신동수,기아 타이거즈,-0.24,9,0,0,3,0,1,0,0,19.0,19,18,87,27,,,2,5,0,0,9,0,0,0
259,1986,안창완,롯데 자이언츠,-0.25,4,0,0,0,0,0,0,0,6.2,7,5,34,10,,,3,4,0,0,0,0,0,0
260,1986,최상주,기아 타이거즈,-0.26,8,0,0,0,0,0,0,0,7.1,10,8,39,6,,,1,9,0,0,3,0,0,0
261,1986,정삼흠,LG 트윈스,-0.27,18,0,0,12,1,2,1,0,52.2,32,27,241,57,,,3,36,1,2,21,1,1,0
262,1986,장명부,한화 이글스,-0.3,22,3,0,17,1,18,0,0,108.1,71,60,493,130,,,12,41,1,9,48,2,2,0
263,1986,오문현,한화 이글스,-0.31,3,0,0,2,0,2,0,0,3.0,5,5,17,8,,,2,1,0,0,0,0,0,0
264,1986,이충우,롯데 자이언츠,-0.32,3,0,0,1,0,1,0,0,10.0,12,11,49,16,,,2,4,0,0,2,0,0,0
265,1986,천창호,한화 이글스,-0.38,22,0,0,4,0,3,1,0,38.2,32,23,174,45,,,6,15,0,3,17,0,0,0
266,1986,강철원,키움 히어로즈,-0.4,8,0,0,3,0,2,0,0,12.0,12,12,60,17,,,3,5,0,3,3,0,0,0
267,1986,김재현,키움 히어로즈,-0.41,5,0,0,2,0,2,0,0,4.1,10,10,26,10,,,1,4,0,0,2,0,0,0
268,1986,정성만,키움 히어로즈,-0.47,16,0,0,10,1,7,0,0,47.2,40,33,226,69,,,4,20,0,3,20,0,1,0
269,1986,권기홍,삼성 라이온즈,-0.52,5,0,0,2,0,2,0,0,12.2,15,13,60,18,,,5,3,0,2,7,0,1,0
270,1986,조호표,한화 이글스,-0.56,2,0,0,0,0,0,0,0,2.1,15,14,40,18,,,5,2,0,0,1,0,0,0
271,1986,노상수,롯데 자이언츠,-0.75,16,1,0,10,3,5,0,0,49.1,34,31,228,65,,,8,20,0,7,16,0,1,0
272,1987,선동열,기아 타이거즈,9.39,31,7,4,11,14,2,6,0,162.0,21,16,604,89,,,2,47,1,3,144,1,1,0
273,1987,한희민,한화 이글스,7.19,30,14,3,22,13,8,4,0,206.0,64,54,798,156,,,7,44,2,4,116,1,0,0
274,1987,최동원,롯데 자이언츠,7.15,32,15,4,22,14,12,2,0,224.0,80,70,920,218,,,6,61,2,7,163,0,3,0
275,1987,이상군,한화 이글스,6.51,33,24,3,27,18,11,2,0,246.2,83,70,1006,233,,,13,52,1,10,85,2,2,0
276,1987,김용수,LG 트윈스,5.98,52,0,0,1,9,5,24,0,141.0,34,31,560,109,,,6,36,6,4,71,0,0,0
277,1987,윤학길,롯데 자이언츠,5.72,31,13,2,20,13,10,1,0,200.0,66,57,815,191,,,4,62,5,3,84,0,2,0
278,1987,장호연,두산 베어스,4.51,32,13,2,21,15,8,6,0,188.1,67,59,784,170,,,1,74,1,10,73,0,6,0
279,1987,김진욱,두산 베어스,4.16,32,7,2,12,4,7,6,0,150.1,49,43,601,120,,,3,58,2,3,81,1,1,0
280,1987,정삼흠,LG 트윈스,4.15,33,8,3,18,6,13,2,0,195.1,68,62,804,171,,,10,73,3,7,85,0,3,0
281,1987,김시진,삼성 라이온즈,3.97,33,7,3,27,23,6,0,0,193.1,73,67,818,166,,,9,96,1,7,113,1,5,0
282,1987,김건우,LG 트윈스,3.87,26,6,1,23,12,7,0,0,163.1,54,48,686,170,,,5,51,0,3,56,1,1,0
283,1987,양상문,키움 히어로즈,3.55,36,13,3,23,12,13,0,0,209.1,87,72,863,188,,,18,66,2,5,84,0,2,0
284,1987,최일언,두산 베어스,3.49,24,9,2,19,14,8,1,0,154.2,52,44,639,129,,,4,70,0,6,70,0,5,0
285,1987,차동철,기아 타이거즈,3.1,35,7,2,23,9,11,0,0,159.2,65,56,653,157,,,8,39,2,5,49,0,0,0
286,1987,문희수,기아 타이거즈,2.95,22,4,1,13,7,7,2,0,109.1,34,27,429,89,,,5,27,1,4,37,1,0,0
287,1987,김대현,기아 타이거즈,2.75,31,3,0,12,9,5,3,0,142.1,48,44,580,121,,,12,53,2,4,51,0,3,0
288,1987,진동한,삼성 라이온즈,2.53,28,2,0,20,12,6,2,0,144.0,56,45,596,144,,,8,49,2,7,34,0,0,0
289,1987,권영호,삼성 라이온즈,2.53,32,0,0,2,5,3,18,0,89.2,27,24,356,74,,,7,30,1,0,28,0,1,0
290,1987,계형철,두산 베어스,2.4,25,5,0,24,8,12,0,0,148.1,59,43,633,122,,,3,74,0,6,53,0,1,0
291,1987,신동수,기아 타이거즈,2.4,31,2,1,14,5,4,0,0,127.2,48,43,524,112,,,10,53,4,3,67,0,0,0
292,1987,임호균,키움 히어로즈,2.27,27,11,1,21,9,10,0,0,173.2,80,73,748,185,,,8,80,9,6,38,0,8,0
293,1987,양일환,삼성 라이온즈,2.23,18,4,2,9,8,4,1,0,86.0,23,18,333,62,,,4,34,0,6,35,0,0,0
294,1987,박동수,롯데 자이언츠,2.12,32,8,1,14,9,8,3,0,140.0,72,66,601,164,,,10,27,0,13,71,0,3,0
295,1987,오명록,롯데 자이언츠,2.05,13,4,1,8,5,3,0,0,76.2,26,25,324,70,,,2,30,0,0,41,0,3,0
296,1987,김정행,롯데 자이언츠,1.86,17,5,2,17,6,5,0,0,102.0,45,41,426,95,,,3,41,0,1,46,0,2,0
297,1987,김신부,키움 히어로즈,1.86,27,4,1,16,6,11,1,0,113.2,54,51,500,132,,,4,32,5,13,33,1,1,0
298,1987,유종겸,LG 트윈스,1.69,18,2,0,14,7,5,0,0,88.1,31,22,377,80,,,3,40,1,6,35,0,0,0
299,1987,천창호,한화 이글스,1.67,25,2,0,7,4,7,0,0,97.1,40,38,414,105,,,9,32,2,1,26,0,0,0
300,1987,윤석환,두산 베어스,1.5,25,3,2,13,7,8,2,0,105.0,50,46,457,124,,,5,38,1,2,41,0,1,0
301,1987,배경환,키움 히어로즈,1.49,26,5,0,11,4,7,2,0,104.2,54,43,449,118,,,7,28,4,1,30,0,2,0
302,1987,성준,삼성 라이온즈,1.44,21,4,2,14,4,7,1,0,109.0,44,43,459,111,,,11,47,5,1,32,0,1,0
303,1987,김용남,한화 이글스,1.09,16,4,0,12,4,5,0,0,87.2,48,46,383,111,,,8,19,0,2,37,0,0,0
304,1987,오영일,LG 트윈스,1.03,30,2,0,23,9,8,0,0,143.1,75,68,621,155,,,10,51,0,7,41,0,2,0
305,1987,방수원,기아 타이거즈,0.98,23,0,0,0,3,2,3,0,65.2,39,31,279,71,,,2,20,0,3,29,0,0,0
306,1987,김봉근,키움 히어로즈,0.89,27,5,0,17,4,11,2,0,135.0,82,73,590,163,,,12,37,4,4,41,1,1,0
307,1987,김대중,한화 이글스,0.87,13,3,0,9,2,6,0,0,75.2,39,35,317,63,,,6,27,1,6,31,2,4,0
308,1987,장태수,삼성 라이온즈,0.85,26,0,0,4,1,1,2,0,63.2,34,33,280,75,,,2,26,0,2,16,1,1,0
309,1987,조병천,키움 히어로즈,0.83,19,4,0,6,4,4,0,0,78.1,45,41,326,85,,,9,16,0,3,38,0,2,0
310,1987,노상수,롯데 자이언츠,0.81,13,3,1,8,4,2,0,0,66.0,32,31,277,70,,,5,20,0,5,25,0,1,0
311,1987,박철순,두산 베어스,0.75,5,1,0,3,2,0,1,0,24.0,7,6,97,17,,,0,9,0,0,11,0,0,0
312,1987,이문한,롯데 자이언츠,0.71,13,1,0,5,1,0,0,0,36.0,11,11,152,25,,,2,24,1,0,16,0,0,0
313,1987,김성길,삼성 라이온즈,0.69,11,1,0,1,0,1,3,0,31.0,13,11,133,31,,,2,7,0,2,13,0,0,0
314,1987,안창완,롯데 자이언츠,0.66,20,0,0,4,1,3,3,0,51.1,26,24,225,47,,,2,34,1,1,29,1,1,0
315,1987,김훈기,삼성 라이온즈,0.65,24,2,0,6,3,5,3,0,80.2,42,36,365,82,,,5,41,5,7,22,1,0,0
316,1987,김정수,기아 타이거즈,0.64,23,2,0,14,6,7,0,0,80.1,48,39,357,59,,,4,57,0,4,78,1,4,0
317,1987,이길환,LG 트윈스,0.63,20,1,0,9,4,4,0,0,73.1,41,36,327,86,,,3,27,0,4,20,1,0,0
318,1987,하기룡,LG 트윈스,0.57,15,0,0,6,1,3,0,0,57.0,26,26,249,61,,,6,17,3,6,16,0,0,0
319,1987,정은배,키움 히어로즈,0.56,22,0,0,5,1,3,3,0,60.2,40,35,279,87,,,4,19,2,1,27,0,0,0
320,1987,김연철,한화 이글스,0.54,20,2,0,9,1,7,0,0,74.1,46,41,330,99,,,6,19,0,5,19,1,1,0
321,1987,이충우,롯데 자이언츠,0.5,9,0,0,0,0,0,0,0,20.2,8,7,88,21,,,1,4,0,1,9,0,1,0
322,1987,예병준,LG 트윈스,0.4,15,0,0,5,1,1,0,0,39.2,23,17,170,46,,,2,10,0,1,11,1,1,0
323,1987,김종석,롯데 자이언츠,0.39,13,1,1,7,1,4,0,0,42.2,22,20,192,48,,,3,20,1,2,16,0,3,0
324,1987,박상열,두산 베어스,0.35,16,0,0,8,3,3,1,0,58.2,32,25,273,73,,,2,26,0,3,15,1,0,0
325,1987,김기태,삼성 라이온즈,0.28,17,5,1,15,7,5,0,0,95.0,57,50,418,89,,,8,48,5,12,46,0,3,0
326,1987,황태환,두산 베어스,0.26,28,0,0,4,2,3,5,0,65.2,42,40,280,73,,,6,20,1,1,20,2,2,0
327,1987,이상윤,기아 타이거즈,0.21,12,0,0,12,2,4,0,0,42.0,26,23,186,46,,,1,19,0,1,13,0,0,0
328,1987,이선희,LG 트윈스,0.18,14,0,0,7,1,3,0,0,38.1,23,23,175,38,,,1,23,1,7,21,0,3,0
329,1987,박동경,삼성 라이온즈,0.1,8,1,0,4,1,1,0,0,29.2,17,17,131,32,,,2,16,0,1,10,0,2,0
330,1987,정선두,키움 히어로즈,0.07,5,0,0,0,0,0,0,0,9.2,8,8,43,14,,,0,4,0,0,2,0,1,0
331,1987,민문식,한화 이글스,0.05,3,0,0,0,0,0,0,0,5.2,3,2,26,7,,,1,3,0,0,3,0,0,0
332,1987,김재열,한화 이글스,0.03,12,0,0,4,1,1,0,0,39.1,24,20,171,48,,,6,16,0,3,10,0,3,0
333,1987,송유석,기아 타이거즈,0.03,4,0,0,1,0,0,0,0,15.2,8,5,71,18,,,2,9,0,1,4,0,0,0
334,1987,이척기,삼성 라이온즈,0.02,1,0,0,0,0,0,0,0,2.0,2,2,8,2,,,0,0,0,0,1,0,0,0
335,1987,김경남,두산 베어스,0.01,2,0,0,0,0,0,0,0,5.0,4,4,23,9,,,1,0,0,0,2,0,0,0
336,1987,최진영,삼성 라이온즈,-0.0,1,0,0,1,0,1,0,0,2.0,1,1,10,2,,,0,2,0,0,0,1,0,0
337,1987,최창호,키움 히어로즈,-0.0,8,0,0,1,0,1,0,0,16.2,14,14,79,21,,,1,11,1,0,7,1,0,0
338,1987,김상기,키움 히어로즈,-0.0,3,0,0,0,0,0,0,0,2.1,2,2,10,3,,,0,2,0,0,0,0,0,0
339,1987,한오종,두산 베어스,-0.02,3,0,0,0,0,0,0,0,5.0,3,3,21,3,,,1,4,0,0,1,0,0,0
340,1987,황기선,두산 베어스,-0.03,2,0,0,0,0,0,0,0,1.2,3,0,9,3,,,0,0,0,0,2,1,1,0
341,1987,이상훈,키움 히어로즈,-0.03,4,0,0,0,0,0,0,0,6.0,7,7,30,8,,,0,5,0,0,5,0,0,0
342,1987,최상주,기아 타이거즈,-0.08,3,0,0,0,0,0,0,0,5.1,7,7,29,11,,,0,3,0,0,0,0,0,0
343,1987,강상진,기아 타이거즈,-0.12,13,1,0,3,0,4,0,0,45.0,34,32,207,49,,,2,32,1,3,13,0,4,0
344,1987,전용권,삼성 라이온즈,-0.13,1,0,0,0,0,0,0,0,0.1,3,3,4,3,,,1,0,0,0,0,0,0,0
345,1987,박노준,두산 베어스,-0.15,9,0,0,1,0,1,0,0,16.0,11,11,75,16,,,3,14,0,1,8,0,2,0
346,1987,손문곤,한화 이글스,-0.15,19,1,0,5,1,4,1,0,49.1,39,38,223,54,,,6,26,0,0,22,1,0,0
347,1987,오문현,한화 이글스,-0.16,2,0,0,1,0,1,0,0,2.0,4,4,14,3,,,0,5,0,0,0,1,0,0
348,1987,박형열,두산 베어스,-0.17,1,0,0,0,0,0,0,0,1.0,3,3,7,3,,,2,2,0,0,1,0,0,0
349,1987,김태원,LG 트윈스,-0.19,10,1,0,2,0,2,0,0,32.0,32,30,149,50,,,2,7,0,5,16,0,1,0
350,1987,김준희,삼성 라이온즈,-0.27,4,0,0,1,0,0,0,0,7.0,11,11,40,13,,,0,6,0,0,0,0,2,0
351,1987,김강익,두산 베어스,-0.28,12,0,0,3,0,2,0,0,37.0,23,21,165,44,,,7,18,1,0,4,0,1,0
352,1987,강만식,한화 이글스,-0.29,5,0,0,5,2,3,0,0,28.0,20,19,119,27,,,5,11,0,2,4,0,0,0
353,1987,정성만,롯데 자이언츠,-0.31,4,1,0,3,0,2,0,0,16.1,16,12,77,22,,,2,8,0,1,4,0,0,0
354,1987,권기홍,삼성 라이온즈,-0.34,8,0,0,4,0,4,0,0,25.2,24,20,127,40,,,3,14,0,0,10,1,1,0
355,1987,조도연,기아 타이거즈,-0.36,13,0,0,5,0,2,0,0,27.0,23,22,131,42,,,4,13,0,1,9,0,0,0
356,1987,이진우,키움 히어로즈,-0.41,15,0,0,6,0,4,1,0,30.0,28,22,143,32,,,3,22,1,1,17,0,3,0
357,1987,임재준,한화 이글스,-0.43,4,0,0,2,0,2,0,0,8.0,10,9,44,13,,,2,7,0,2,5,0,1,0
358,1987,이동수,키움 히어로즈,-0.59,7,0,0,2,1,1,0,0,16.0,23,22,80,27,,,3,5,0,2,6,0,0,0
359,1987,이동석,한화 이글스,-0.62,13,1,0,5,1,2,0,0,35.1,34,25,175,51,,,6,20,1,2,6,1,0,0
360,1988,선동열,기아 타이거즈,11.79,31,9,1,12,16,5,10,0,178.1,29,24,674,116,,,3,35,0,7,200,1,0,0
361,1988,윤학길,롯데 자이언츠,7.27,35,17,3,25,18,10,3,0,234.0,89,82,967,241,,,9,53,1,3,123,1,7,0
362,1988,이상군,한화 이글스,5.13,38,3,1,8,10,3,16,0,135.0,38,36,530,120,,,7,22,2,3,47,0,2,0
363,1988,한희민,한화 이글스,4.82,31,10,4,20,16,5,5,0,188.0,72,65,782,188,,,16,55,2,7,103,0,1,0
364,1988,김성길,삼성 라이온즈,4.33,38,2,1,15,8,4,6,0,151.1,51,47,615,150,,,10,31,2,5,62,2,0,0
365,1988,윤석환,두산 베어스,3.97,40,0,0,1,13,3,14,0,108.0,28,25,439,96,,,6,38,5,2,53,1,0,0
366,1988,최동원,롯데 자이언츠,3.86,16,3,1,4,7,3,3,0,83.1,24,19,349,77,,,4,24,3,1,83,1,1,0
367,1988,김진욱,두산 베어스,3.75,29,5,2,14,11,8,2,0,139.1,52,48,559,116,,,6,45,2,8,73,2,4,0
368,1988,최일언,두산 베어스,3.71,20,2,0,13,6,4,0,0,115.2,33,28,485,100,,,0,48,0,5,50,0,2,0
369,1988,오영일,LG 트윈스,3.36,28,8,0,21,7,11,2,0,176.0,83,68,760,208,,,9,50,4,5,64,2,2,0
370,1988,김훈기,삼성 라이온즈,3.22,27,6,3,10,10,5,3,0,118.0,44,36,472,102,,,8,23,2,3,50,0,0,0
371,1988,방수원,기아 타이거즈,2.9,28,0,0,2,2,1,6,0,80.0,17,15,320,63,,,1,23,1,2,23,0,0,0
372,1988,이상윤,기아 타이거즈,2.89,30,3,1,22,16,6,0,0,137.0,56,44,575,98,,,3,75,1,4,55,1,4,0
373,1988,차동철,기아 타이거즈,2.84,32,5,3,15,10,6,1,0,146.0,68,54,607,156,,,11,21,2,10,45,0,4,0
374,1988,이용철,LG 트윈스,2.75,29,6,0,19,7,11,0,0,144.1,63,44,610,138,,,5,55,0,7,46,2,1,0
375,1988,김홍명,한화 이글스,2.61,24,7,1,22,8,13,0,0,151.2,75,72,656,158,,,8,72,6,4,61,1,3,0
376,1988,양상문,키움 히어로즈,2.6,38,8,1,23,9,12,3,0,169.1,89,72,722,185,,,12,54,0,2,68,0,6,0
377,1988,김시진,삼성 라이온즈,2.58,25,5,1,19,11,9,0,0,144.1,62,56,602,107,,,10,70,1,7,67,0,3,0
378,1988,신완근,키움 히어로즈,2.54,37,1,0,4,2,9,3,0,139.0,71,62,585,141,,,8,44,0,3,73,1,0,0
379,1988,문희수,기아 타이거즈,2.51,26,4,1,13,8,7,3,0,110.1,45,37,458,101,,,9,33,1,1,55,0,2,0
380,1988,조병천,키움 히어로즈,2.49,28,4,0,15,2,10,1,0,128.0,59,56,546,134,,,6,44,3,1,40,0,1,0
381,1988,성준,삼성 라이온즈,2.43,31,4,2,21,11,8,2,0,159.2,67,59,668,135,,,17,74,3,3,59,1,4,0
382,1988,신동수,기아 타이거즈,2.3,22,2,1,11,5,2,1,0,81.1,25,22,338,87,,,6,19,1,2,40,1,0,0
383,1988,박동수,롯데 자이언츠,2.28,31,0,0,13,7,8,2,0,114.1,59,46,490,131,,,6,27,2,7,59,2,3,0
384,1988,김대중,한화 이글스,2.11,23,4,1,18,7,7,1,0,119.0,54,51,508,131,,,9,34,2,13,36,1,1,0
385,1988,계형철,두산 베어스,2.11,33,2,0,18,10,12,2,0,129.2,59,54,558,121,,,7,62,2,2,48,0,3,0
386,1988,김용남,한화 이글스,2.05,27,1,0,16,8,6,1,0,122.2,67,56,525,150,,,9,25,1,2,41,0,1,0
387,1988,김신부,키움 히어로즈,1.9,29,2,1,17,9,8,1,0,123.1,63,53,526,126,,,8,29,5,16,38,1,0,0
388,1988,장호연,두산 베어스,1.87,36,3,1,21,8,12,1,0,146.0,76,64,629,163,,,12,44,3,6,46,0,3,0
389,1988,이동석,한화 이글스,1.81,17,2,1,10,7,3,2,0,76.0,34,31,311,72,,,3,20,2,4,27,2,0,0
390,1988,김용수,LG 트윈스,1.75,34,1,0,3,3,5,11,0,98.2,51,49,438,118,,,5,31,1,3,51,0,0,0
391,1988,한오종,두산 베어스,1.73,26,2,1,19,4,4,0,0,115.2,54,49,496,108,,,9,57,1,3,60,1,2,0
392,1988,김정행,롯데 자이언츠,1.55,15,4,2,15,8,4,0,0,94.0,43,38,400,82,,,3,50,0,3,29,0,2,0
393,1988,이길환,LG 트윈스,1.53,24,3,1,15,10,4,0,0,122.1,61,48,517,131,,,11,32,1,5,28,0,0,0
394,1988,김대현,기아 타이거즈,1.44,31,3,0,19,7,6,2,0,136.2,72,69,585,136,,,15,44,0,8,47,0,2,0
395,1988,김정수,기아 타이거즈,1.42,11,0,0,9,3,2,0,0,54.1,19,15,227,45,,,2,23,0,1,23,0,0,0
396,1988,이상구,키움 히어로즈,1.33,31,0,0,3,4,6,1,0,87.0,53,49,355,77,,,3,32,1,1,49,1,5,0
397,1988,노상수,롯데 자이언츠,1.27,28,2,0,14,4,5,5,0,104.2,60,55,441,106,,,9,27,0,4,41,0,0,0
398,1988,이문한,롯데 자이언츠,1.27,16,1,0,4,3,1,1,0,57.0,19,17,223,40,,,5,17,1,2,26,0,1,0
399,1988,문병권,LG 트윈스,1.21,19,2,1,8,1,3,0,0,65.1,29,27,274,66,,,4,21,2,4,26,1,2,0
400,1988,권영호,삼성 라이온즈,1.15,29,1,1,4,7,5,7,0,72.1,32,30,308,61,,,5,40,6,1,24,0,1,0
401,1988,안창완,롯데 자이언츠,1.05,29,0,0,3,1,3,2,0,62.1,31,30,259,56,,,3,26,0,0,26,1,0,0
402,1988,오명록,롯데 자이언츠,1.04,19,2,1,14,6,7,1,0,90.0,49,37,384,85,,,8,40,0,1,43,2,3,0
403,1988,유종겸,LG 트윈스,1.03,23,6,1,13,4,7,1,0,109.0,58,50,484,102,,,7,65,1,3,45,0,2,0
404,1988,이상훈,두산 베어스,0.84,27,1,1,7,2,2,0,0,84.0,45,42,352,76,,,8,34,0,2,29,0,1,0
405,1988,서정용,롯데 자이언츠,0.74,14,1,0,5,3,3,1,0,47.0,18,16,203,45,,,4,21,1,3,16,0,0,0
406,1988,천창호,한화 이글스,0.74,17,0,0,0,1,1,1,0,21.2,6,6,80,16,,,2,2,0,0,18,0,0,0
407,1988,진동한,삼성 라이온즈,0.73,18,1,1,9,2,3,1,0,54.1,28,28,238,63,,,2,22,1,1,10,0,1,0
408,1988,예병준,LG 트윈스,0.71,12,2,0,6,1,6,0,0,50.1,23,22,229,59,,,2,25,3,4,14,0,1,0
409,1988,이국성,LG 트윈스,0.61,20,2,0,3,2,1,0,0,55.2,27,26,242,53,,,6,33,1,1,30,1,1,0
410,1988,김봉근,키움 히어로즈,0.57,22,2,0,17,4,11,0,0,93.2,61,52,404,123,,,12,13,0,2,25,0,0,0
411,1988,김일부,키움 히어로즈,0.55,23,0,0,7,2,4,2,0,72.0,38,35,312,70,,,10,34,1,7,39,0,1,0
412,1988,손문곤,한화 이글스,0.53,17,0,0,7,2,3,0,0,54.0,39,34,244,69,,,2,17,0,2,20,0,2,0
413,1988,송유석,기아 타이거즈,0.42,3,0,0,1,1,0,0,0,15.1,6,6,62,16,,,0,6,0,0,5,0,0,0
414,1988,한용덕,한화 이글스,0.42,12,0,0,4,2,1,0,0,41.1,15,14,168,39,,,9,21,0,0,16,0,1,0
415,1988,김종석,롯데 자이언츠,0.41,20,0,0,10,0,5,0,0,55.0,35,29,249,62,,,2,29,0,3,23,1,0,0
416,1988,지성규,한화 이글스,0.21,5,0,0,1,0,0,0,0,13.2,6,6,61,14,,,1,8,0,0,4,0,0,0
417,1988,임재준,한화 이글스,0.17,2,0,0,0,0,0,0,0,3.2,0,0,12,0,,,0,0,0,0,2,0,0,0
418,1988,김응국,롯데 자이언츠,0.16,8,0,0,1,0,0,0,0,19.2,11,11,92,24,,,1,13,0,2,6,0,0,0
419,1988,박상범,키움 히어로즈,0.14,10,2,0,4,1,1,0,0,33.0,26,26,142,41,,,4,5,0,2,20,1,3,0
420,1988,홍성연,삼성 라이온즈,0.12,13,2,0,5,3,1,0,0,52.2,42,39,243,71,,,2,19,0,3,12,1,3,0
421,1988,조도연,기아 타이거즈,0.11,6,0,0,2,0,1,0,0,9.2,4,4,41,8,,,0,8,0,2,2,0,0,0
422,1988,장정순,한화 이글스,0.11,13,0,0,1,1,1,2,0,32.1,21,18,147,35,,,4,15,1,4,16,1,0,0
423,1988,이현택,삼성 라이온즈,0.08,6,0,0,1,0,0,0,0,9.0,6,6,45,12,,,0,9,1,0,6,0,2,0
424,1988,이동수,키움 히어로즈,0.08,2,0,0,0,0,0,0,0,5.0,2,1,23,5,,,0,4,0,0,1,0,0,0
425,1988,이척기,한화 이글스,0.07,4,0,0,0,0,0,0,0,2.1,1,1,11,3,,,0,2,2,0,1,0,1,0
426,1988,최진영,삼성 라이온즈,0.03,1,0,0,0,0,0,0,0,2.2,2,1,12,5,,,0,1,0,0,1,0,1,0
427,1988,강만식,한화 이글스,0.03,2,0,0,0,0,0,0,0,1.1,0,0,5,0,,,0,2,0,0,0,0,0,0
428,1988,박동경,삼성 라이온즈,0.02,13,0,0,4,0,1,0,0,39.1,25,22,178,47,,,4,26,0,3,8,0,2,0
429,1988,하창우,두산 베어스,0.0,5,1,0,3,0,1,0,0,16.1,13,12,70,22,,,1,3,0,1,2,0,0,0
430,1988,전용권,삼성 라이온즈,-0.01,14,0,0,5,2,2,1,0,46.0,28,26,209,53,,,6,22,1,3,8,0,1,0
431,1988,김연철,한화 이글스,-0.03,3,0,0,0,0,1,0,0,7.0,6,5,31,11,,,2,0,0,0,2,0,0,0
432,1988,김강익,두산 베어스,-0.05,6,0,0,2,0,1,0,0,15.1,9,9,63,15,,,4,5,0,0,3,0,0,0
433,1988,구명근,롯데 자이언츠,-0.05,2,0,0,0,0,0,0,0,5.0,5,5,29,12,,,1,2,0,0,1,0,0,0
434,1988,최창호,키움 히어로즈,-0.07,3,0,0,1,0,1,0,0,6.2,6,6,29,6,,,1,4,0,0,3,0,0,0
435,1988,안성수,한화 이글스,-0.08,1,0,0,1,0,1,0,0,2.0,3,3,13,5,,,0,2,0,0,0,0,0,0
436,1988,정윤수,삼성 라이온즈,-0.09,8,0,0,3,0,3,1,0,21.2,17,17,100,27,,,3,10,1,2,10,0,1,0
437,1988,김재열,한화 이글스,-0.1,1,0,0,0,0,0,0,0,1.0,4,4,7,4,,,0,1,0,0,0,0,0,0
438,1988,강상진,기아 타이거즈,-0.14,1,0,0,0,0,0,0,0,1.0,4,3,9,2,,,0,5,0,0,0,0,0,0
439,1988,황태환,두산 베어스,-0.15,23,1,0,3,0,2,0,0,49.2,38,36,221,58,,,7,21,0,1,11,0,0,0
440,1988,권기홍,삼성 라이온즈,-0.15,2,0,0,0,0,0,0,0,2.1,4,4,12,5,,,2,0,0,0,0,0,0,0
441,1988,이충우,키움 히어로즈,-0.16,2,0,0,0,0,0,0,0,3.0,6,6,17,7,,,1,1,0,1,1,0,0,0
442,1988,박노준,두산 베어스,-0.16,1,0,0,1,0,0,0,0,3.0,6,6,17,5,,,0,1,0,1,1,0,0,0
443,1988,임호균,키움 히어로즈,-0.17,5,0,0,4,0,3,0,0,14.0,13,11,68,23,,,1,10,0,0,4,0,1,0
444,1988,장태수,삼성 라이온즈,-0.18,15,0,0,5,1,4,0,0,37.2,29,25,175,41,,,4,24,1,0,7,0,0,0
445,1988,정용생,삼성 라이온즈,-0.21,10,0,0,3,0,3,0,0,28.0,25,24,129,38,,,3,17,2,1,7,1,4,0
446,1988,박정현,키움 히어로즈,-0.23,6,0,0,2,0,1,0,0,18.2,17,16,86,25,,,4,8,0,2,8,0,0,0
447,1988,배경환,키움 히어로즈,-0.33,13,1,1,11,1,7,0,0,52.1,40,39,238,57,,,9,23,1,1,18,1,1,0
448,1988,박상열,두산 베어스,-0.4,13,0,0,6,0,3,0,0,46.2,34,29,216,53,,,9,23,0,4,12,0,1,0
449,1988,정삼흠,LG 트윈스,-0.49,27,6,1,20,5,16,0,0,139.2,96,88,634,163,,,20,61,2,14,43,0,0,0
450,1988,최상주,기아 타이거즈,-0.5,7,0,0,2,0,2,0,0,18.0,19,15,85,21,,,8,5,1,0,6,0,1,0
451,1988,양일환,삼성 라이온즈,-0.5,10,1,0,4,1,2,0,0,29.1,30,29,145,36,,,4,15,0,8,10,0,0,0
